ID,Quote,Type
201,"I kept having this feeling on Sunday nights – like this dread. Not about Monday specifically, just about the pattern.",Emotional Reaction
201,Is this really what the next thirty years looks like?,Inner Thinking
201,"If something makes me feel flat for more than a few months, it's not a phase, it's a signal.",Personal Rule
201,I kept ignoring it because the job checked every box on paper.,Inner Thinking
201,I spent so long being responsible that I forgot what I actually liked.,Inner Thinking
201,"I just sat there in his kitchen thinking, 'That's going to be me.'",Inner Thinking
201,"Terrified. And then weirdly relieved, like when you finally say the thing you've been rehearsing in the shower for months.",Emotional Reaction
201,"My hands were shaking, but I also felt lighter than I had in a really long time.",Emotional Reaction
201,Okay. Now what? But it was the good kind of 'now what.',Inner Thinking
201,Some days I wake up at 3 a.m. doing math in my head about savings.,Inner Thinking
201,The discomfort of not knowing is different from the discomfort of knowing you're in the wrong place. I'd rather have the first one.,Personal Rule
202,"I kept thinking, 'It's just a bad week,' but the bad weeks stopped ending.",Inner Thinking
202,"I was bargaining with myself. Like, 'If she can manage the grocery trip on her own, she's okay.'",Inner Thinking
202,"I kept setting these little tests in my mind, and she kept barely passing them, which let me tell myself it wasn't time yet.",Inner Thinking
202,I think I needed it to not be time yet.,Inner Thinking
202,I sat in my car in her driveway afterward and just cried. Because I knew.,Emotional Reaction
202,"There's this weird mix of guilt and relief. I feel guilty for the relief, which is its own fun cycle.",Emotional Reaction
202,"It's my mom's voice, honestly. She raised us to handle things ourselves. So there's this part of me that says, 'You should have moved her in with you. That's what family does.'",Inner Thinking
202,"I don't let guilt make my decisions anymore. Guilt is a feeling, not a plan. The plan has to work for everyone, not just the person who feels bad.",Personal Rule
203,I don't want to be the person who manages it. I want to be the person who fixed it.,Inner Thinking
203,"Managing felt like accepting defeat. Like, 'Okay, this is who I am now, pass the pills.'",Inner Thinking
203,"I have this thing where I hate being the worst at something in public. Like, I will avoid it entirely rather than be bad in front of people.",Personal Rule
203,The embarrassment lasts an hour. The regret of quitting lasts way longer.,Personal Rule
203,"I cried. Like, full ugly cry. My wife was there with a sign, and I just lost it.",Emotional Reaction
203,Not because it was fast or impressive – my time was terrible – but because I genuinely didn't think I was that person.,Inner Thinking
203,I had this identity of myself as someone who wasn't athletic. And crossing that line broke it. That identity just… cracked open.,Emotional Reaction
203,I catch myself now when I say 'I'm not a ____ person.' Because I said that about running for 38 years and it turned out to be completely wrong.,Inner Thinking
203,"Is that true, or is that just the story I've been telling?",Inner Thinking
204,I don't like conflict. I just… went quiet. Stopped texting first. And she did the same. So we just kind of evaporated.,Emotional Reaction
204,I was having whole arguments with her in my head. Like full conversations that never happened.,Inner Thinking
204,I'd be in the shower composing these devastating texts that I'd never send.,Inner Thinking
204,She was the person I would've called about this kind of thing.,Emotional Reaction
204,"If I feel like I was the one who was wronged, I need the other person to acknowledge it before I can move on. Like, that's my line.",Personal Rule
204,I felt so ashamed that I'd made it about me. I'd spent a year being angry about something that was never about me at all.,Emotional Reaction
204,"We had this friendship where everything was easy and fun, and we didn't know how to do the hard parts. Now we're learning.",Inner Thinking
205,"I started getting this desperation, like, 'We're never going to find anything.'",Emotional Reaction
205,"I'm not wired that way. I'm a solver. When there's a problem, I need to fix it now.",Personal Rule
205,"I didn't have that feeling. You know? Like, I didn't walk in and think, 'This is it.' I walked in and thought, 'This could work.' And there's a big difference.",Inner Thinking
205,"I think I decided out loud at that table because I was tired of the conversation. Tired of being the guy who didn't have a house yet. Which is a terrible reason to make a $400,000 decision.",Inner Thinking
205,I make worse decisions when I feel behind.,Personal Rule
205,"The pressure of being the only couple in our friend group still renting was messing with me more than I realized. I was solving for my ego, not for the actual problem.",Inner Thinking
205,Urgency and certainty aren't the same thing.,Personal Rule
205,"Next time we have a big decision, if I'm feeling rushed, that's the sign to slow down.",Personal Rule
206,The moments I felt most alive were when I was mentoring the new reps or when I'd have a real conversation with someone on my team who was struggling.,Inner Thinking
206,"If you can do your job in your sleep, you're coasting, and coasting is just slow decline.",Personal Rule
206,I think the brain needs to be challenged or it starts to rot. I could feel mine starting to rot.,Inner Thinking
206,"In class discussions, I have something they don't, which is just life.",Inner Thinking
206,You don't owe anyone an explanation for choosing meaning over money. That's between you and your bank account.,Personal Rule
206,I forgot it was an exercise. I was just… in it.,Emotional Reaction
206,"My professor stopped me afterward and said, 'You have a gift for this.' And I almost cried in front of twenty-four year olds, which would have been very uncool.",Emotional Reaction
207,I'm a 45-year-old man who can't feed himself. That's what it felt like.,Inner Thinking
207,"I don't let myself wallow for more than a week. After a week, you're choosing it.",Personal Rule
207,"Chopping an onion requires your full attention or you lose a finger. And my brain needed that. After the divorce, my mind was racing all the time – replaying arguments, second-guessing everything. Cooking was the one time my brain would shut up.",Inner Thinking
207,"My daughter said, 'Dad, this is actually good.' And the actually should have offended me, but I was so proud.",Emotional Reaction
207,"Before, I showed love by providing, working, paying for things. Now I show love by making someone a meal. That feels more real to me.",Inner Thinking
207,Competence isn't fixed. You're not just born knowing things. You learn them when you have to.,Personal Rule
208,She's your sister. You don't give up on family.,Inner Thinking
208,I was confusing not giving up with not having boundaries. Those are very different things.,Inner Thinking
208,You can't save someone who isn't drowning in the way you think they are.,Inner Thinking
208,"I was treating her like a victim, and she was making choices. Bad ones, but choices. And I had to let her own those.",Inner Thinking
208,"I will be here for her recovery, but I will not participate in her using.",Personal Rule
208,"I'd lie in bed, phone buzzing on the nightstand, and every part of me wanted to pick it up.",Emotional Reaction
208,I still feel sick thinking about those nights.,Emotional Reaction
208,I ask before I help now instead of just swooping in. That's new for me.,Personal Rule
208,"She told me last month that my stepping back was one of the things that made her realize she needed help. And I don't know if that's true or if she said it to make me feel better, but either way, I needed to hear it.",Emotional Reaction
209,"Monday I'm sitting next to these people joking around, Tuesday I'm supposed to evaluate their performance.",Inner Thinking
209,"Like being an imposter, immediately.",Emotional Reaction
209,I'd avoid giving critical feedback because I didn't want people to think the promotion changed me.,Inner Thinking
209,"You're being liked, but you're not being respected. Pick one.",Inner Thinking
209,I was so focused on being the 'cool manager' that I wasn't actually managing.,Inner Thinking
209,"There was a guy on my team who was consistently late on deliverables, and I kept covering for him because we used to eat lunch together. That's not leadership. That's people-pleasing with a title.",Inner Thinking
209,"Be warm, be direct, don't be sorry.",Personal Rule
209,I can care about someone and still tell them their work isn't meeting the bar. I don't have to apologize for holding a standard.,Personal Rule
209,I grew up in a house where any criticism meant someone was mad at you. So untangling those two things – feedback and anger – that's been the real work.,Inner Thinking
209,"All that anxiety, all those weeks I avoided this, and it took five minutes and he thanked me.",Emotional Reaction
210,She looked resigned. Like she'd stopped hoping someone would pick her. That broke me.,Emotional Reaction
210,I went through a period after my layoff where I felt like that – like I'd been passed over so many times that I stopped expecting anything.,Inner Thinking
210,She put her head on my knee and that was it. Decision made.,Emotional Reaction
210,I research everything. I have spreadsheets for decisions. My friends joke that I'd make a pro-con list for what to eat for dinner.,Inner Thinking
210,"The big decisions in your life, the ones that actually matter, don't come from spreadsheets. They come from a feeling in your chest that you either listen to or you don't.",Personal Rule
210,I didn't want a project. I wanted a companion.,Inner Thinking
210,"I spent my 20s and 30s trying to optimize everything. The perfect apartment, the perfect job, the perfect relationship. And it made me miserable because nothing is perfect, and optimizing is just another word for never being satisfied.",Inner Thinking
210,I'm trying to let things be enough. The dog is enough. The apartment is enough.,Inner Thinking
210,"It's not settling – it's choosing contentment over ambition for the first time, and it feels… honestly, it feels like growing up.",Emotional Reaction
